"EDR072296","Aedilem Proculam (:Proculum) [[CR]] cunctorum turba probavit. Hoc pudor ingenuus postulat et pietas"
"EDR071662","Nerone Caesare Augusto<br>Cosso Lentulo Cossi fil(io) co(n)s(ulibus)<br>VIII Idus Febr(u)arias<br>dies Solis luna XIIIIX nun(dinae) Cumis V (Idus Februarias) nun(dinae) Pompeis"
"EDR073222","C(aius) Anneus (:Annaeus)<br>Capito<br>eq(ues) coh(ortis) X&#773; pr(aetoriae)<br>((centuria)) Grati"
"EDR073314","Theor[i]us est Holconi nec tamen Mazgaba<br>amicus est Holconi nec tamen [P]yrrichus"
"EDR073610","Fulgur [conditum ---?]"
"EDR073766","M(arcus) Lollius [M(arci) l(ibertus)]<br>Bithus"
"EDR074234","Gemma velim fieri hora non"
"EDR152964","K(alendas) Aug(ustas)<br>Nonas Apr(ilis)<br>Atinas"
"EDR153355","Qui se tutari nescit nescit vivere<br>Minimum malu(m) fit contemnendo maximum"
"EDR152963","XX IIIIIIIII"
"EDR152931","Cab=<br>inio (:Sabinio)<br>s(alutem) ((S retrogradum)) "
"EDR152815","&#12296;:ad perpendiculum&#12297;<br>Rare lali omnes a"
"EDR152929","(H)ilasu(s)  (:Hilarus?)"
"EDR152999","Quartu(s)"
"EDR151899","[- - -]o<br>[- - -]foro "
"EDR153000","Moderatus"
"EDR153110","Q(uintus)  M[---] Antu[s ---]"
"EDR077698","Floronius<BR>binet ac miles<BR>leg(ionis) VII hic<BR>fuit neque<BR>mulieres<BR>scierunt nisi<BR>paucae et<BR>ses erunt"
"EDR079495","T(h)iop(h)ilus canis<br>cunnu(m) lingere no=<br>li puellis in muro"
"EDR148672","Vasa in camella<br>I&#803;e&#803;++  VI"
"EDR148654","Auctus Iuli Aug[-]"
"EDR127829","Menedemeru(menus)"
"EDR127413","Ve=<br>n(---)"
"EDR151816","Lagunas (:lagenas)"
"EDR151822","Vasileus habitat<br>Pute(o)lis in castris August[i]<br>su[b] Valeri[o]"
"EDR148652","Sex(tus) Decimius Rufus<br>milis (:miles) coh(ortis) V pr(aetorianae) ((centuria)) Martialis"
"EDR081355","Quinq(u)a{gi}genta<BR>uberant<BR>exinde ocio"
"EDR124968","Quartila (:Quartilla)"
"EDR124971","IIIIIIIIIIIIIIIIIIIII IIIIIIIIIIIII"
"EDR124993","Quartila (:Quartilla) va(le)"
"EDR124994","Cypare va(le)"
"EDR124995","Quartilla va(le)"
"EDR124996","Quartill[-]a"
"EDR124998","salute&#803; (:salutem) venientis "
"EDR124999","Cosmus"
"EDR125000","Oppi"
"EDR124967","Quartila (:Quartilla) vale "
"EDR124969","IIIIIIIIIIIIIIII<br>IIIIIIIIIIII IIIIIII<br>IIIIIIIII II IIIIIIII<br>IIIII IIIIIII"
"EDR124970","Caniu"
"EDR124972","((:viri facies ad sin.))"
"EDR124973","((:circulus continens florem))"
"EDR124974","((:circulus))"
"EDR124975","quos L(---) V(---) P(---) amat valeant"
"EDR124976","((:equus ad sin. incedens))"
"EDR124977","((:navis cum remis maloque))"
"EDR124978","((:navis cum remis))"
"EDR124981","Anthis  va(le)"
"EDR124982","Anthis va(le)"
"EDR124983","Nicopolis va(le)"
"EDR124984","Nicopolis v&#770;a(le)"
"EDR124987","Hantis (:Anthis)"
"EDR124989","[Eu]plia"
"EDR124991","Plataco <br>turuda"
"EDR124992","va(le) Quartilla"
"EDR125002","((:viri facies ad sin.))"
"EDR125529","Caesar[is] Augusti mater femina erat&#803; "
"EDR125532","Q(uintus) Iunius"
"EDR127147","eros <br>thymeli<br>"
"EDR127157","Qua(dratus)"
"EDR127158","VIII (:vacat) VIII"
"EDR127191","Urs(us)"
"EDR127188","M    <br>B     <br>M       <br>XX"
"EDR127080","M(arcus) Titinius<br>cinaedus<br>L&#773;V&#773;"
"EDR127160","((centuria)) Montan(i)"
"EDR127424","Nec prius<br>absistit qua[m]<br>septe(m) ingentia<br>victor Corpora<br>funda(t) hum(i) "
"EDR127140","Nonnius<br><br><br>"
"EDR127234","&#12296;:ad perpendiculum&#12297; <br>M(arcus) Atillius hic stationem fecit <br>"
"EDR127299","Icare v(ale)"
"EDR127403","X ((C)) A M X X"
"EDR127406","Castalo s(alutem)"
"EDR127428","eo<br>v&#770;a(le)<br>Chloe"
"EDR127081","Cupr=<br>on=<br>ius=<br>epol<br>Romul=<br>us in<br>caelo <br>Martis<br>equita(t)"
"EDR127145","Iucundus fututor <br><br><br>"
"EDR127396","Mus cave <br>malum "
"EDR127801","Aptus "
"EDR127835","Flo&#7771;u(s) "
"EDR127843","SS B VIP&#803;"
"EDR127154","Quartio <br>Stratus <br>ven<br>Quenit&#7909;(s) (:Quintus) <br>M(arcus) Liciniu(s) <br>Saturninus <br><br>"
"EDR127414","L(ucius) Lollius procûr(ator)"
"EDR127575","&#12296;:ad perpendiculum&#12297; <br>C(aius) Lucianus"
"EDR127151","Mo"
"EDR127212","Evanthus"
"EDR127242","Lucilius <br>Lucidae suae <br>ubique sal(utem)"
"EDR127430","X"
"EDR127572","quicomq(ue) (:quicumque)"
"EDR127574","&#12296;:ad perpendiculum&#12297;<br>Lepidi"
"EDR127576","nagistri (:magistri)"
"EDR128046","Coliatius "
"EDR128047","Lucilius"
"EDR128114","Ocea"
"EDR127149","Summachus  (:Symmachus)"
"EDR127404","LXIIII"
"EDR127415","&#12296;:columna 1&#12297;<br>X<br><br>&#12296;:columna 2&#12297;<br>G<br>G"
"EDR127418","Qu(adratus) Quad(ratus)"
"EDR127848","fel(iciter) Faustio"
"EDR127850","Fau(s)tio"
"EDR128048","Lucilius<br>Lucidae suae<br>ub&#803;ique sal(utem)"
"EDR128050","ic (:hic) abitamus (:habitamus)<br>felices<br>nos<br>dii (:dei)<br>faciant"
"EDR128279","Licini&#7909;(s) "
"EDR127213","Geganius<br>Romulus<br>aedilis<br>ìvenalium (:iuvenalium)"
"EDR127425","&#12296;:ad perpendiculum&#12297;<br>Cinn(amus?)"
"EDR127231","inop(s) <br>C(aius) Iunius <br>"
"EDR127233","Mille meae<br>Siculis errant <br>"
"EDR127237","((:adolescentis herma ad sin. conversus))"
"EDR127368","Chloe "
"EDR127399","(h)ic sumus <br>felices <br>valiamus (:valeamus)  <br>recte "
"EDR127573","Leon"
"EDR127578","((centuria)) Tironis"
"EDR127806","Val(ens)"
"EDR127808","T(itus) Irrius "
"EDR128116","v&#770;âle h<br>Chloe v&#770;a(le)"
"EDR127192","L<br>ped(es?)"
"EDR127298","A&#803;[ulus?] Pos=<br>stu=<br>mi (:Postumi)<br>Qui=<br>e&#803;ti"
"EDR127577","Postu&#803;(mi)"
"EDR127579","((centuria)) Semproni"
"EDR127969","fel(iciter) Faustio"
"EDR128013","Urbanu&#770;s"
"EDR128014","Ur(banus)"
"EDR128049","&#12296;:columna I&#12297;<br>Leon<br>Leon<br><br>&#12296;:columna II&#12297;<br>Leon<br>Leon"
"EDR128052","Q(uintus) Caeicilius (:Caecilius)<br>Q(uintus) Cae(cilius)<br>L(ucius) Cae&#803;(cilius)"
"EDR128056","Primus"
"EDR128057","Mat=<br>r(o)n=<br>a&#803; v&#770;a(le)"
"EDR128058","Fu=<br>l(vius?)"
"EDR127823","Sautran(e)<br>v&#770;a(le)"
"EDR127842","[---]culus"
"EDR128053","Lucilius"
"EDR128059","Voconius<br>Paca(tus)<br>vixillu(m) (:vexillum)"
"EDR128062","Urbanus<br>h(i)c lus(it) VI Idus<br>decem(b)rias (:decembres)"
"EDR128097","militibu(s) va(leatis)"
"EDR128098","&#7746;o&#7693;(estus)<br>Modestus<br>Modestus<br>Musae<br>suae<br>"
"EDR127152","Pacatus <br>hic cum suis <br>ma(n)sit Pompeis "
"EDR128276","Licaria (:Ligaria) "
"EDR128545","hinc<br>hinc<br>p(edibus?) XII (de)t(ractis) VII<br>V"
"EDR128558","M(arcus) X Felix et Fortun(a)tus ego et tu<br>sua"
"EDR127155","Auctillus<br>Atil(i)o sa(lutem)<br>Casellio <br>infelicia"
"EDR127187","C(aius) Lalius"
"EDR127366","Virilio"
"EDR127411","Anus<br>vita(e) m=<br>eminit<br>scio<br>Aquiti<br>mortis <br>t[a]e=<br>duisti"
"EDR127811","Icar(us)"
"EDR127813","Ra=<br>ur"
"EDR127833","Nauplius "
"EDR127838","quo&#7779; "
"EDR128017","&#12296;:columna I&#12297;<br>D<br>D<br><br>&#12296;:columna II&#12297;<br>R<br>Ata(vus?)<br>B<br>((:caduceus))<br>S<br>S<br><br>&#12296;:columna III&#12297;<br>((:caduceus))<br>S<br>CX<br><br>&#12296;:columna IV&#12297;<br>S<br>S<br>V&#770;ôt&#770;r(oni?)<br><br>&#12296;:columna V&#12297;<br>Aseli=<br>a=<br>m (:Asellam)<br>CXL"
"EDR128055","Cha(---?)"
"EDR128061","Anchario<br>Linia"
"EDR128063","OBR<br>((S)) <br><br>"
"EDR128294","((:aves))"
"EDR128546","IIIIIIIIIIII<br>IIIIIIIIIIIIIII<br>IIIIIIIIIIIIII<br>IIII<br>"
"EDR128547","XII"
"EDR128548","IIIIIIIIIII"
"EDR128551","VII"
"EDR128553","C t C F<br>C C"
"EDR128557","Mula fellaat (:fellat) [A]ntoni<br>Fortunata a(eris) a(ssibus) II<br>((:herma mulieris))"
"EDR128562","IIIIII &#12296;:ianua&#12297; IIIIIIIIIIIIIIIIII IIIIIIIIIIIIIII IIIIIIIII<br>IIIIIIIIIIIIIIII IIIIIIIIIIIIIIIIIIIIIIIIIIIIIIIIIIIII"
"EDR128564","bono ut sit"
"EDR127185","C(aius) Voconius"
"EDR127194","X<br>((:gladiator))"
"EDR127416","&#12296;:columna I, stria 12&#12297;<br>X<br>C<br>I<br>X<br><br>&#12296;:columna II, stria 13&#12297;<br>D<br>D<br>D C<br>V<br>V<br>V<br>X X<br>fel(iciter?)<br><br>&#12296;:columna III, stria 14&#12297;<br>D<br>D<br>X X"
"EDR127807","((centuria)) Valentis"
"EDR127809","Primu(s) <br>av(e) vale<br>"
"EDR127810","S H S "
"EDR127828","Numina<br>Di	<br>"
"EDR128064","L(ucius) Xtilius (:Atilius) "
"EDR128277","t[o]tus "
"EDR128556","emis CC K(?)"
"EDR127412","M B M XX"
"EDR127417","rotun(dus)<br>R O<br>R<br>R  SS<br>"
"EDR127419","X"
"EDR127790","Nauplius<br>Clappo ssalu(tem) (:salutem)"
"EDR127980","&#12296;:columna I&#12297;<br>C   <br>&#12296;:columna II&#12297;<br>A"
"EDR128118","Chloe <br>(v)a(le)"
"EDR128542","L X I I I I"
"EDR128552","II"
"EDR128555","XXIIIIIII<br>VIIII VIII VII<br>IIII IIIIII IIIIII IIIIIIII IIIIIIII<br>X IIIIIIII IIIIIIII IIIIII<br>IIIIII XXIIIIIIIIII<br>XVII IIIIIIIIIIIII<br>XXXXX X IIIIIII III<br>IIIII XXXXX"
"EDR128561","IIIIIIIII  "
"EDR128565","IIIIIIIIII"
"EDR128566","S "
"EDR128616","Cucmo<br>quis cccp&#803;(?)<br>s"
"EDR127186","Albanius<br>Com(m)unis<br>Aurelius<br>&#7750;oniu(s)"
"EDR127218","((:avis stans))"
"EDR127409","Q(---) R(---)"
"EDR127426","Matris Heleusinae"
"EDR128582","((:equi caput et thorax))"
"EDR128615","A A<br>A(ulus) Septumiu[---]icio Fabio<br>a(ssibus) ((%1000)) IIII"
"EDR128617","&#7746;&#7841;rcius Atimetys (:Atimetus)"
"EDR128583","((:Medusae caput))"
"EDR127398","numeru(&#7779;)<br>cent(uria)ru&#7747;(?)<br>D(ecimus) Iulius <br>T(h)r&#7841;[s]o(?)<br>Sagenio <br>Co(c)co <br>habeo <br>P(ublius) Iuilius (:Iulius)<br>Trif&#803;olio <br>C(ai) Flav&#770;i  <br>libra(ri) <br>C(ai) Flav(i) <br>librari <br>domûs<br>T(iti) Lol(l)i<br>[&#7841;]ger <br>em(p)tu(s) IIXS"
"EDR128066","C&#7841;io "
"EDR128067","((centuria)) Luccei  "
"EDR128080","Aucurus (:Augurus) "
"EDR128082","((centuria)) Aebuti "
"EDR128084","&#7841;lo "
"EDR128585","((:herma puellae))"
"EDR128660","do[s] I a(ssis)"
"EDR127814","XVI"
"EDR127982","&#12296;:ad perpendiculum&#12297;<br>M(arci) Brut(t)idi Stati"
"EDR128065","Placidus "
"EDR128567","&#928;IIII "
"EDR128662","dos <br>I a(ssis)"
"EDR127830","Menedemerumenus"
"EDR127845","P&#803;ub(lius?) "
"EDR128016","LAR"
"EDR128051","Colla(tius)"
"EDR128060","cyli"
"EDR128543","Alica<br>p(ondo)  IIIII"
"EDR128544","IIIIIIIIIIIIIII <br>IIIIIIIIIIIIIII "
"EDR128550","DCCXCVIII"
"EDR128663","&#12296;:columna 1, stria 10&#12297;<br>U <br><br>&#12296;:columna 2, stria 12&#12297;<br>R <br><br>&#12296;:columna 3, striae 15-16&#12297;<br>SSS <br><br>&#12296;:columna 4, stria 17&#12297;<br>R"
"EDR128117","O hlo (:Chloe)<br>âv (:vale)"
"EDR127405","cui mihi docendi<br>dederit mercedem<br>(h)abeat quod<br>petit a superis"
"EDR127831","Ur(sus)"
"EDR128290","&#12296;:textus non intellegitur&#12297;"
"EDR128661","Atilius (accepit) a(ssem) I<br>Atilius (accepit) a(ssem) I<br>Atilius (accepit) a(ssem) I<br>"
"EDR128733","Alban&#7909;[s] a(ssem) I<br>&#7840;lbanus a(ssem) I<br>[A]&#7735;banus a(ssem) I<br>A[lb]anus a(sses) II<br>Agath&#7865;[m]er(us) a(sses) II<br>Acathe&#7747;&#7865;r(us) (:Agathemerus) a(ssem) I<br>Acanthus"
"EDR128734","pane(m) a(ssibus) II<br>purm(entarium) a(ssibus) III<br>oleum a(sse) I<br>[-]XC   a(ssibus) IIII<br>vinum a(sse) s(emis)<br>casium (:caseum) a(sse) s(emis)<br>O(?)MR(?) a(ssibus) IIII<br>vinum a(sse) s(emis)<br>XI K(alendas) ac(ce)pi ((denarium)) I<br>vinum a(sse) I<br>porcin(am) a(sse) I<br>viinum (:vinum) a(sse) s(emis)<br>casiûm (:caseum) a(sse) s(emis)<br>L(ucius) Gavi ((denarium?)) IIII s(emis) &#12296;:accepi?&#12297;<br>vinum a(sse) s(emis)<br>carn(em) a(sse) I<br>vin[u]m a(sse) I"
"EDR128737","Macer<br>C(aius) Popillius"
"EDR127193","Galerii"
"EDR127297","((centuria)) Clementis"
"EDR127407","St&#770;eneli ((:Stheneli))"
"EDR127421","&#12296;:columna I, stria 6&#12297;<br>Q <br>S<br>S<br><br>&#12296;:columna II, stria 7&#12297;<br>QII<br>SSS"
"EDR127816","Mystice va(le)"
"EDR127817","Chloe va(le)"
"EDR127820","Aristo<br>To(n)sori"
"EDR127847","&#12296;:columna I, stria 13&#12297;<br>((:avis externa in arboris ramo stans))<br>BO<br><br>&#12296;:columna II, stria 14&#12297;<br>((:minimus gladiator prospiciens))<br><br>&#12296;:columna III, stria 15&#12297;<br>T&#770;îb&#770;er"
"EDR127971","Acan[th]us hic"
"EDR127973","Siicia (:Siccia) X"
"EDR128278","&#12296;:ad perpendiculum&#12297;<br>&#7788;iron(is?) "
"EDR128286","fortis"
"EDR128554","II II II"
"EDR128559","Idibus Iulis<br>inaures postas ad Faustilla(m)<br>pro ((denarium)) II usura(m) deduxit aeris a(ssem)<br>ex sum(ma) XXX"
"EDR128560","Dap&#770;hnus<br>Felix<br>Agele (:Aegle?)<br>Attice"
"EDR128581","A(ssibus) VIII<br>Stabuli"
"EDR128641","Roma "
"EDR128642","T(itus)  <br>Com(inius?) "
"EDR128643","VCVI"
"EDR128644","Eros "
"EDR128645","M(arcus) Cerrin(i)uss (:Cerrinius) "
"EDR128647","XIIII "
"EDR128648","IIIIII"
"EDR128649","IIII"
"EDR128650","X "
"EDR128738","((:trophaeum))<br>Atillius Nas<br>IL[-]"
"EDR128751","&#12296;:columna 1, stria 7&#12297;<br>X<br><br>&#12296;:columna 2, stria 8&#12297;<br>MV<br>X"
"EDR128754","&#12296;:columna 1, stria 5&#12297;<br>X<br><br>&#12296;:columna 2, stria 15&#12297;<br>((denarium))"
"EDR128759","&#12296;:columna I&#12297;<br>MI<br><br>&#12296;:columna II&#12297;<br>CII<br><br>&#12296;:columna III&#12297;<br>X<br><br>&#12296;:columna IV&#12297;<br>XXI<br><br>&#12296;:columna V&#12297;<br>I&#773;I&#773;I&#773;I&#773;"
"EDR128760","&#12296;:columna I, stria 11&#12297;<br>V(?) <br><br>&#12296;:columna II, stria 13&#12297;<br>V <br><br>&#12296;:columna III, stria 14&#12297;<br>M"
"EDR127420","socius<br>Ve&#7771;viciu(s)<br>SAV(?)"
"EDR127422","rotund(us)<br>rotu(ndus)<br>ro(tundus)"
"EDR127844","Sauf&#770;(ei---?)"
"EDR127976","mulierarianus<br>va(le)  hus<br>Aullu (:Aulus?)"
"EDR127981","Popiu(s)"
"EDR128284","Provi=<br>den&#770;tes"
"EDR128285","((:duo galli))<br>A(uli) Iuni"
"EDR128287","&#12296;:columna I&#12297;<br>X<br><br>&#12296;:columna II&#12297;<br>R<br><br>&#12296;:columna III ad perpendiculum&#12297;<br>SSSSS"
"EDR128291","trade"
"EDR128292","Apsyrtus (:Absyrtus)<br>Lacene (:Lacaenae)<br>ubiq(ue)<br>(salutem)"
"EDR128293","C(---?) T(---?) Lux"
"EDR128563","((:crux orbiculis ad extremum bracchiorum))"
"EDR128746","&#12296;:textus non legitur&#12297;"
"EDR128747","poma"
"EDR128749","D D D<br>D D D"
"EDR128750","&#12296;:columna I&#12297;<br>X<br><br>&#12296;:columna II&#12297;<br>IIIII<br><br>&#12296;:columna III&#12297;<br>X<br>XXXX<br><br>&#12296;:columna IV&#12297;<br>((denarium))"
"EDR128756","Sev(e)r(us?)"
"EDR128758","Se(verus)"
"EDR128762","Calistus (:Callistus)<br>hic lusit<br>c&#7909;m"
"EDR128769","&#12296;:ad perpendiculum&#12297;<br>V&#770;BB"
"EDR128770","C(---?) T(---?) Lux"
"EDR128772","[R]ufi"
"EDR128773","Rufi"
"EDR128774","&#12296;:scriptum deorsum&#12297;<br>PI<br>G<br>G<br>A<br>C"
"EDR128775","IANNV"
"EDR128776","Valeri<br>va(le)<br>M&#770;a(rci) fi[l]=<br>ius"
"EDR128777","Clodius<br>hic et ubici (:ubique)<br>amabilit=<br>er"
"EDR128778","Pa&#7771;[---]<br>puel[l]ar(um) nih(il)<br>X"
"EDR128779","Matris Ele[u]sina(e)"
"EDR127849","((:instrumentum gladiatorum, galea))<br><br>suu(m)<br>sumit<br>Alunti(us?) cu(m?)<br><br>((:instrumentum gladiatorum, thorax))<br>"
"EDR128673","((:caput hominis ad sin. conversum))"
"EDR127423","Chole (:Chloe) Clemen(s) &#12296;:salutem&#12297;"
"EDR127821","Eucapa puer va(le)"
"EDR127822","M(anio) Aemilio &#12296;:salutem&#12297;"
"EDR127826","Prima"
"EDR127827","nec Phrygas (:Phryges)<br>extabant. quid<br>agit apex<br>dester (:dexter)"
"EDR128748","&#12296;:textus non legitur&#12297;"
"EDR128651","IV Non(as) Iul(ias) <br>paenulam, palliolum <br>[?posita ad Fau]stilla(m)<br>Pr[o---] L usur[a] <br>[deduxit?] XIIIS (?) <br>[aeri]s a(sses) VIII"
"EDR128739","Ascula"
"EDR128740","pascela "
"EDR128752","&#12296;:columna I&#12297;<br>IIIIIIIIIII    <br><br>&#12296;:columna II&#12297;<br> IIII"
"EDR128753","quisquis<br>in catedra "
"EDR128755","Spe(s?) a&#803;(ssibus?)"
"EDR128899","((:herma viri ad sin. conversus))"
"EDR140046","Col=<br>((denarius))<br>ono (:Colono)"
"EDR140050","Bucolus"
"EDR140054","f&#803;eliter (:feliciter)<br>((:navis))"
"EDR140131","Crocale<br>barbata"
"EDR140145","[&#8008;]&#957;&#941;&#1010;&#953;&#956;&#959;&#1010;<br>&#949;&#965;&#957;&#965;&#1010;<br>LI[-]EM"
"EDR140150","PA&#770;M"
"EDR140239","C(aius) Iunius<br>((:nomen C(AIUS) IUNIUS in forma navis scriptum))"
"EDR140250","IIIIIII"
"EDR140130","ABCDEFGHILMNOPQ"
"EDR140152","Hyacinthus hic fu&#818;i&#818;t&#818;<br>Verginiam suam"
"EDR140192","Ara "
"EDR140220","Alica"
"EDR140147","[---]AS[---] conclave Puteolis<br>[---]LE consitont (:consistunt) Herculaneses (:Herculanenses) navculae (:naviculae) "
"EDR140168","Felices"
"EDR140172","A(?) Epicurus <br>si es Utica "
"EDR140174","Vasa"
"EDR140187","Q(uintus?) V(---) R(---) "
"EDR140224","[---]gius A(ulo?) Tertio s(alutem)<br>salutem "
"EDR140669","Rufûla pus"
"EDR140037","XI k(alendas) Febarias (:Februarias)"
"EDR140055","IIIIIIIIIIIIIIIIIIIIIIIIIIIIII"
"EDR140125","Quid"
"EDR140129","MAL"
"EDR140132","MAM"
"EDR140135","Hic amor sapiet"
"EDR140136","XI"
"EDR140140","Q&#803;(uintus) Vet&#803;ius&#803;"
"EDR140143","Amat&#770;a"
"EDR140148","Iusta r(---)"
"EDR140165","Am(andus?)<br>Surus<br>Ianua va(le)"
"EDR140171","Saturnina[e]<br>matr(i?) uncus<br>a(ssibus) III<br>"
"EDR140177","Assis IIIIHIINII<br>CCCXXX"
"EDR140190","Euhodus<br>et Satura <br>Puteolani "
"EDR140197","ROM"
"EDR140198","Ani&#803;ciae f&#818;e&#818;l&#818;i&#818;c&#818;i&#818;t&#818;e&#818;r&#818;"
"EDR140209","&#913;&#914;<br>&#913;&#914;&#915;&#916;&#917;&#918;&#919;&#920;"
"EDR140213","Cereales sint Cums (:Cumis)<br>"
"EDR140217","ovas EVCL E VA M X P vectat "
"EDR140237","Vibidi "
"EDR140255","Se(xtus) Porcius<br>s s"
"EDR142568","VII Idus Novem(bres) asseres IIII <br>tertius"
"EDR142572","III Idus Iulias tr(itici?) m(odios?) CC"
"EDR143634","((:galea gladiatoria cum crista ad sin.))"
"EDR143636","((:caput acutum cum nasone longo et corona, gryllus?))"
"EDR143648","&#12296;:columna I&#12297;<br>[quid f]it? vi me, oculeì (:oculi), posquam (:postquam) deducxstis (:deduxistis) in ignem<br>[no]n ob vim vestreis (:vestris) largificatis geneis.<br>[porr]&#7885; non possunt lacrumae restinguere flamam (:flammam),<br>[hae]c os incendunt tabificantque animum. <br><br>&#12296;:columna II&#12297;<br>Tiburtinus epoese (:&#7952;&#960;&#959;&#943;&#951;&#963;&#949;)"
"EDR143814","((:galea gladiatoria cum crista ad dext.)) "
"EDR143815","((:galea gladiatoria cum crista ad dext.))"
"EDR143832","((:galea gladiatoria cum crista ad dext.))"
"EDR143833","((:galea gladiatoria))"
"EDR144354","&#920;<br>Faustus<br>Nothus<br>Nothus<br>((:nomina FAVSTVS et NOTHVS scripta in forma trium navium, NOTHVS bis))<br>((:names FAVSTVS and NOTHVS written in the shape of three boats, NOTHVS twice))"
"EDR143900","((:gladiator, murmillo cum galea et scuto)) <br>((:gladiator, murmillo type with helmet and shield)) "
"EDR144659","((:galea gladiatoria))"
"EDR144347","((:basis columnae cum parte columnae ornamentae et fortasse scalae)) <br>((:base and part of a decorated column and perhaps a ladder))"
"EDR144348","((:basis columnae))<br>((:column base))"
"EDR144349","((:basis columnae)) <br>((:column base))"
"EDR144353","((:basis columnae)) <br>((:column base))"
"EDR144356","((:sex circuli quorum duo simplices et quattor duplices sunt))<br>((:six circles, two single and four double))"
"EDR144783","((:galea gladiatoria cum crista))"
"EDR145030","((:gryllus feminae cum cornibus, unguibus, dentibus, et alis, falcem aut baculum tenentis))<br>((:caricature of a woman with horns, claws, teeth, and wings, holding a scythe or staff))"
"EDR145032","((:gallus cum crista alisque))<br>((:cock with comb and wings))"
"EDR145036","((:navis))<br>((:boat))"
"EDR144514","((:camelus dromedarius cum cauda, lodicem gerens, ad dextram incedens))"
"EDR144784","((:galea gladiatoria cum crista))"
"EDR145004","((:cervus a cane assultatus))<br>((:stag attacked by dog))"
"EDR145005","((:cervus)) <br>((:stag))"
"EDR145006","((:cervus)) <br>((:stag))"
"EDR145009","((:vir cervum equitans))<br>((:man riding stag))"
"EDR144352","((:basis columnae)) ((:column base))"
"EDR144350","((:basis columnae)) ((:column base))"
"EDR145007","((:cervus a viro laqueo captus)) <br>((:stag captured by a man with a rope))"
"EDR145008","((:cervus a viro laqueo captus et a cane assultatus)) <br>((:stag captured by a man with a rope and attacked by a dog))"
"EDR145037","((:carina navis))<br>((:ship's keel))"
"EDR145764","((:cervus))  <br>((:stag))  "
"EDR145765","((:cervus))<br>((:stag))"
"EDR145766","((:cervus))  <br>((:stag))"
"EDR145771","((:figura virilis))<br>((:figure of a man))"
"EDR146086","Sollemnes<br>ben&#7865; futues"
"EDR146088","Scordopordonicus hic bene<br>fuit (:futuit) quem voluit"
"EDR146089","Helpis "
"EDR146121","vadavo"
"EDR146122","futui"
"EDR146123","XVII K(alendas) Iul(ias)<br>Hermeros<br>cum Phile=<br>tero et Caphi=<br>so hic futu=<br>erunt"
"EDR146125","Phoebus pedico"
"EDR146187","Hermeros hic futuit"
"EDR146188","lucr[---]"
"EDR146190","Beronice<br>[h]abenda<br>futuere"
"EDR145296","((:viri imago ad sinistram))<br>((:image of a man facing left))<br>"
"EDR148520","Sollemnes (:Sollemnis) hic "
"EDR145384","((:gladiator armatus cum galea exigua et scuto longo))<br>((:gladiator armed with a short sword and a long plate))"
"EDR145767","((:animal))<br>((:animal))"
"EDR145768","((:animal))<br>((:animal))"
"EDR145941","va(le?)<br>[---]rio [I?]sidoru<br>IX<br>((:viri caput))<br>((:head of a man))"
"EDR145943","((:scaena erotica))<br>((:erotic scene))"
"EDR144786","sei (:si) quid amor valeat nostei (:novisti), sei (:si) te hominem scis,<br>commiseresce mei, da veniam ut veniam.<br>flos Veneris mihi de"
"EDR145431","Felix<br>bene futues"
"EDR145436","calos Paris"
"EDR145437","calos Castrensis s"
"EDR145935","((:cervus stans))<br>((:standing stag))"
"EDR145942","Proculus<br>((:herma viri))<br>((:bust of a man))"
"EDR145999","Phoeb(us?)"
"EDR146001","Phoebus unguentarius<br>optume (:optime) futuit"
"EDR146085","&#7778;[ol]&#7735;emnes<br>&#7685;[e]ne futues"
"EDR147517","((:circulus circulos continens)) <br>((:concentric circles))"
"EDR147519","((:circulus circulos continens)) <br>((:concentric circles))"
"EDR147725","Neptunus<br>((:nomen NEPTVNVS in forma navis scriptum))<br>((:name NEPTVNVS written in shape of boat))"
"EDR147863","((:circulus circulos continens)) <br>((:concentric circles))"
"EDR147934","((:circulus flores continens)) <br>((:circle containing flowers)) "
"EDR147935","((:circulus circino tractus)) <br>((:compass-drawn circle)) "
"EDR147936","((:circulus circino tractus)) <br>((:compass drawn circle)) "
"EDR147976","((:circulus circino tractus)) <br>((:compass drawn circle)) "
"EDR148022","Surre(n)tinas <br>Surrentinas <br>((:verba Surrentinas scripta in forma duae navium))<br>((:words Surrentinas written in the shape of two boats))"
"EDR148378","labyrinthus <br>hic habitat <br>Min((:labyrinthus))otaurus (:Minotaurus)<br>((:labyrinth))"
"EDR148379","Qûartio v&#770;a(le) <br>((:labyrinthus)) <br>((:labyrinth))"
"EDR148380","((:labyrinthus circularis)) <br>((:round labyrinth))"
"EDR148381","((:labyrinthus circularis))  <br>((:round labyrinth))"
"EDR148419","((:duo triangula))<br>((:two triangles))"
"EDR148435","Cressa"
"EDR148436","fututa sum hic"
"EDR148511","contìquere"
"EDR148512","Neptuna&#7735;&#7883;s"
"EDR148515","&#924;&#959;&#965;&#963;&#945;&#8150;&#959;&#962;<br>&#7952;&#957;&#952;&#940;&#948;&#949;<br>&#946;&#949;&#953;&#957;&#949;&#8150; (:&#946;&#953;&#957;&#949;&#8150;)"
"EDR148521","December bene futuis"
"EDR148523","Iarin[us]"
"EDR148525","Victorie"
"EDR148526","Asbestus hic"
"EDR148527","Florus"
"EDR148684","IIX Idus Ianuar(ias)<br>sacculum"
"EDR148880","Evodius<br>((:navis cum malo veloque)) <br>((:ship with mast and sail))<br>"
"EDR149304","Aman(dus)<br>Am(andus)"
"EDR147882","((:circulus florem continens)) <br>((:circle containing flower))"
"EDR147686","Thallasa&#770;e fusa Optatus<br>((:verba in forma navis scripta))<br>((:phrase written in the shape of a boat))"
"EDR147717","Neptunus<br>((:nomen NEPTVNUS in forma navis scriptum))<br>((:name NEPTVNUS written in the shape of a boat))"
"EDR147916","Restitutus<br>((:nomen RESTITVTVS in forma navis scriptum)) <br>((:name RESTITVTVS written in shape of boat))"
"EDR147917","Secundus<br>((:nomen SECVNDVS in forma navis scriptum))<br>((:name SECVNDVS written in shape of boat))"
"EDR147920","Secun[du]s <br>((:nomen SECVNDVS in forma navis scriptum))<br>((:name SECVNDVS written in shape of boat))"
"EDR147922","Communem nu(mmum)<br>((:verba COMMUNEM NU(MMUM) in forma navis scripta)) <br>((:phrase COMMUNEM NU(MMUM) written in shape of boat retrograde))"
"EDR148651","siquis erit variae am&#803;"
"EDR148686","Secundus "
"EDR148789","Anteros hoc scripsit"
"EDR148790","Cosmus"
"EDR148820","Aelius Magnus Plotillae suae<br>rogo domina  salutem"
"EDR148861","((:quadratum)) <br>((:rectangle))"
"EDR148875","((:navis cum malo velo et remis)) <br>((:ship with mast, sail and oars))"
"EDR148876","((:navis cum remis maloque)) <br>((:ship with mast and oars))"
"EDR148877","((:navis cum malo))<br>((:ship with mast))"
"EDR148878","((:navis cum remis velis malisque)) <br>((:ship with oars, masts and sails))"
"EDR148879","((:navis cum velo))<br>((:ship with sail))"
"EDR148882","((:navis))<br>((:ship))"
"EDR149050","Habitus"
"EDR149052","S[t]ano sis gemm(a)<br>[- - -]&#7746;O&#7770;[- - -]"
"EDR149053","Habitus"
"EDR149056","Crescens. Eu=<br>ant&#770;il(lus?)<br>Paris, vâ(le)"
"EDR149057","Trebenius"
"EDR149060","Unus amat una(m).<br>Sa(lutem). Sal(utem)."
"EDR149063","Pac&#7841;[tus?]<br>Pom[peia]nis (salutem?)"
"EDR149164","Marim "
"EDR149196","Sacaba e&#803;t C&#803;a&#803;r&#803;a&#803;(?)milus &#12296;:lectio incerta&#12297;<br>((:duo gladiatores, a quibus alter, sub SAC, alterum, sub M, tridente petit))<br>((:two gladiators, one attacking the other with a trident))"
"EDR148830","Taurus AAAOER[-----]S<br>ETA non PAS[---]AN VS<br>ERBA<br>"
"EDR149062","Celer[i]=<br>na Spuri f(ilia)<br>S&#7865;[l]inunti"
"EDR149065","[A]basc[antus]"
"EDR149139","Ianuar[i]us"
"EDR149140","Venimus<br>Venerunt"
"EDR149141","Laculus<br>Priscillo<br>amabiliter<br>`scr(ipsit) Ephaphra´<br>`et´<br>`pereg(it) Elea´<br>`sitientes´"
"EDR149145","Bemilia  &#12296;:textus non legitur&#12297;"
"EDR149160","qui modo mo[- - -]<br>erminuca"
"EDR149161","nox"
"EDR149162","N voco"
"EDR149163","Crescens"
"EDR149165","Noct(---?)"
"EDR149172","((denarii)) XVIII<br>((denarii)) III"
"EDR149185","Hermes"
"EDR149232","IIIIIIIIIII"
"EDR149236","Vi(c)torius"
"EDR149238","Hervi"
"EDR149240","Marcus"
"EDR149241","Novi"
"EDR149244","&#1017;&#973;&#956;&#956;&#803;(&#945;&#967;&#959;&#962;)"
"EDR149245","Qui(s)quis"
"EDR149247","Iulium &#921;(---?)"
"EDR149248","Hellespontus"
"EDR149252","Marce(llus?)<br>Proculus<br>Marcellus"
"EDR149253","Bromius"
"EDR149254","Mam&#803;"
"EDR149255","Mari<br>Victor[ius]<br>"
"EDR149258","IIIIIIII"
"EDR149293","Prima"
"EDR149296","Habito suo&#803; sal(utem), sal(utem)."
"EDR148418","((:stella)) <br>((:star))"
"EDR149048","&#12296;:columna I&#12297;<br>Lite, es dypundi (:dupundi). <br><br>&#12296;:columna II&#12297;<br>Lite, <br>aeris a(ssis)"
"EDR147918","N(umerius) Popidius <br>Salvius<br>((:nomen in forma navis scriptum)) <br>((:name written in shape of boat))"
"EDR148653","Sutores mavir[--]um&#803; quem <br>Ca[se]lli&#768;us Anthah[--]m[--]m"
"EDR148829","Hiic (:Hic) venatio pugnabiit (:pugnabit) V K(alendis) Septembriis (:Septembris)<br>et Felix ad ursos pugnabiit (:pugnabit)"
"EDR148831","Quota s(unt?) capita dua<br>sella quadrua&#770;<br>equales di&#768;na vix<br>XI"
"EDR149159","NOI[-]<br>amv&#803; ((:caput hominis)) ((:phallus directus versus os capitis illius))<br>((:man's head)) ((:upright phallus pointing towards man's head))     <br>AMOI"
"EDR149204","XVS  XVS"
"EDR149206","[Ba]lbus et Fortunata duo co(n)iuges "
"EDR149207","BACTEICIEO "
"EDR149208","quin"
"EDR149209","Phoebus"
"EDR149211","Latinus"
"EDR149212","Q(uintum) Varium "
"EDR149334","&#922;&#945;&#955;&#969;&#834;&#1010; &#956;&#945;&#953;&#959;&#961;[&#949;]&#1010; [---]&#953;&#954;&#945;"
"EDR149511","Ner(oniane?)"
"EDR149512","Tum"
"EDR149513","Camp(---?)<br>((:palma))<br>((:palm frond))"
"EDR149040","Sica"
"EDR149042","Pari(di?)"
"EDR149044","Paridi ((:phallus))"
"EDR149045","[- - -]ECMONA[- - -]"
"EDR149323","Duobus<br>Fabi(i)s fe[l(iciter)]"
"EDR149324","[Proc?]ulus"
"EDR149331","Procule<br>Postumi, va(le)"
"EDR149332","Lucciae<br>cu[---]ma&#803;<br>[------]"
"EDR149344","Vesbin(us) Vesbinus<br>"
"EDR149490","Q(uinto) Postumio Modesto fil(i)c(iter) (:feliciter)"
"EDR149283","Marca"
"EDR149116","&#7778;&#969;&#963;as (:&#931;&#969;&#963;&#8118;&#962;)"
"EDR149285","MO ((:phallus)) A<br>S&#7734;"
"EDR149286","venimus"
"EDR149287","Va(le) Issa<br>Fabia"
"EDR149289","Q(uinti) Hortessi (:Hortensi)"
"EDR149343","P(h)osphorus <br>hic futuit"
"EDR149449","Fru&#949;tus (:Fructus)"
"EDR149450","Fructus"
"EDR149451","Fructus"
"EDR149453","Bellicus hic futuit quendam<br>[l]&#7909;culentissim&#8988;e&#8989; fut[ui]<br>"
"EDR149447","Cadia"
"EDR149448","clim"
"EDR124979","Nicopolis va&#770;l&#770;e"
"EDR124986","Hantis (:Anthis) v&#770;a(le)"
"EDR145429","{I}Ias cum Ma=<br>gno ubique"
"EDR145430","Hic ego puellas multas<br>futui"
"EDR145432","Ikarus &#920;"
"EDR145433","Facilis hic futuit"
"EDR145435","panta"
"EDR145438","((:phalli figura))<br>Iarinus"
"EDR148874","((:scutum))<br>((:shield))"
"EDR148881","((:navis cum malo veloque)) <br>((:ship with mast and sail))"
"EDR149046","As(ses) IV<br>divitias<br>s(cripula?) III"
"EDR149047","R(h)esus, vâ(le)"
"EDR149110","Victorie · A(---) · V(---)"
"EDR148675","&#12296;:ad perpendiculum&#12297;<br>&#12296;:textus non legitur&#12297;<br>"
"EDR148676","M(arcum) Va&#770;sculum"
"EDR148677","XIX K(alendas) Fe&#803;bruarias  "
"EDR149197","[H]irriu(s)"
"EDR149198","H&#803;ir(r)iu(s)"
"EDR149205","&#12296;:columna 1&#12297;<br>CV<br>MM<br>    <br>&#12296;:columna 2&#12297;<br>huc co[nveniunt]<br>Prim(us)<br>[F]ortuna[tus]<br>Felix "
"EDR149210","NavaS&#803;&#803;P&#803;a "
"EDR149213","Firmus<br>Firm[u]s"
"EDR149215","D&#803;iogenes"
"EDR150188","Quartio&#803;<br>VIII C&#803;A&#803;"
"EDR150296","((:figurae duorum gladiatorum, alter retiarius est cum fuscina; alter cum hasta et fortasse cum fuscina armatus est))<br>((:figures of two gladiators, one is a retiarius with a trident; the other is armed with a spear and perhaps a trident))"
"EDR150297","((:figura gladiatoris cum galea ac fortasse scuto)) <br>((:figure of a gladiator with a helmet and perhaps a shield))"
"EDR150397","((:casulae frons cui et ad d. et ad sin. palma adiecta est et cuius portam quadrupes petit qui cornibus longis in cervi modum praeditus esse videtur))<br>((:front of a house flanked on the right and the left by a palm, and whose door is approached by a quadruped who seems to have long horns like a deer))"
"EDR150500","&#7961;&#961;&#957;&#8134;&#962; (:&#7961;&#961;&#956;&#8134;&#962;)"
"EDR150503","Sever&#12314;u&#12315; us"
"EDR150504","Sisininus"
"EDR150505","Ver+++<br>felas (:fellas)<br>Fortuna sic"
"EDR150506","Placidus hic futuìt quem voluìt"
"EDR149067","&#913;&#914;&#915;"
"EDR151051","irrumo set (:sed) v+++K+++as<br>"
"EDR151052","&#12314;a[+3?+]&#12315; Nice fellat"
"EDR151053","f&#803;&#7909;&#7841;&#7789; a(sses) II"
"EDR151054","CRI S"
"EDR151055","Romanus"
"EDR151056","Ver"
"EDR151057","CVI (:centum sex)"
"EDR151058","IC (:nonaginta novem)"
"EDR151059","he<br>he<br>hac"
"EDR151060","Synethus"
"EDR151062","Synethus"
"EDR151063","Synethus<br>Faustillam<br>futuit<br>obiq&#770;ûe (:ubique) rite"
"EDR151064","cor i&#7779;"
"EDR151066","quis"
"EDR151068","Murtis (:Myrtis) felatris (:fellatrix)"
"EDR151069","Mur"
"EDR151070","Victor <br>&#7717;&#7841;ec so&#7771;+"
"EDR151071","Scaudì"
"EDR151072","Marci Anic&#803;et[i]"
"EDR146000","Puteolanis feliciter<br>omnibus Nucherinis<br>filicia et uncu(m) Pompeianis<br>Petecusanis"
"EDR146087","Vitalio<br>bene futues"
"EDR146191","Felicla (:Feliculam) ego f"
"EDR146889","Marcus Scepsini (:Scepsidi) ubique sal(utem)"
"EDR146890","Ianuarìae ti"
"EDR146891","Restituta bellis moribus"
"EDR146892","futui Mula (:Mulam) hic <br>quid"
"EDR147138","Callìd&#7771;ome v&#770;a(le)"
"EDR147139","Phoebus"
"EDR147140","Sabinus Proclo (:Proculo)<br>salutem"
"EDR147141","Victor<br>cum"
"EDR148432","victrix victoria v&#770;a(le) "
"EDR148433","pedicare volo"
"EDR148434","vidimus hoc"
"EDR148517","Felix cum<br>Fortunat&#7841;"
"EDR149049","&#928;&#943;&#964;&#964;&#945;&#954;&#959;&#1010; &#924;&#953;&#964;&#965;&#955;&#951;&#957;&#945;&#8150;&#959;&#1010; (:&#924;&#965;&#964;&#953;&#955;&#951;&#957;&#945;&#8150;&#959;&#1010;)"
"EDR149105","vera Victoria"
"EDR149106","Vìctoria ìnvicta hic"
"EDR149108","Victoria"
"EDR149109","Ianuaria"
"EDR149112","Nais<br>[s]odalis"
"EDR149113","Ìas Magno salute(m)"
"EDR149114","Felix futu&#12296;it&#12297;<br>cum<br>"
"EDR149115","Ianûariaes"
"EDR149136","Paris"
"EDR149137","[- - -]N&#803;NOI&#803;M"
"EDR149138","Bucinus"
"EDR149177","Im (:in) balneum"
"EDR149178","&#7944;&#964;&#945;&#955;&#945;&#769;&#957;&#964;&#951;<br>"
"EDR149179","&#7944;&#966;&#961;&#959;&#948;&#949;&#943;&#964;&#951; (:&#7944;&#966;&#961;&#959;&#948;&#943;&#964;&#951;)"
"EDR149180","&#7944;&#956;&#945;&#957;&#948;o[&#1010;?]"
"EDR149187","Antonius<br>&#12296;:trans hanc&#12297;<br>M M M S<br>"
"EDR149249","[---?] omnib(us)"
"EDR149250","Phoebus<br>cin(a)e&#916;u(s)  (:cinaedus)"
"EDR149251","[- - -]&#7807;i non paterus (:pateris) et nos futuere be[ne?---]"
"EDR149277","Pithia Prima cum Spartitundiolo modo ha[c]"
"EDR149278","Po(pidii)"
"EDR149280","Asti"
"EDR149281","Prima cum suo hac"
"EDR149282","Pithia Prima cum Spartitundiolo hac modo"
"EDR149284","Ianuariae"
"EDR149291","Scutularius cum Africana hac"
"EDR149292","Prima cum Spar[tit]undiolo modo h[ac]"
"EDR149294","CXXXI&#923;&#923;"
"EDR149295","Pyramus, Heuodus (:Euhodus)"
"EDR149335","Sabinus"
"EDR149337","Spes<br>a(ssibus) II"
"EDR149338","Ianuari,<br>li(n)gis [m]entula(m)."
"EDR149340","Con(?)"
"EDR149345","Epaga=<br>thus fututor<br>II &#12296;:vacat&#12297; C ((:centuria?))"
"EDR149403","IL Poppa(e)i (?) &#7865;ineri (?)"
"EDR149404","Reus so(dalis?)"
"EDR149405","Pompeianis<br>fel(iciter) feliciter.<br>Faustin`u´m viginti<br>rogamus."
"EDR149406","Iul(iae?)"
"EDR149434","Augustus "
"EDR149452","hic ego cum veni futui<br>deìnde redei (:redii) domì<br>"
"EDR149973","((facies hominis)) Phoebus<br>bonus futor (:fututor)<br>((figura psittaci vel sim.))<br>"
"EDR149974","Hyginus cum M&#7865;&#7779;sì&#7885; hic"
"EDR149975","Caius cum Mysine<br>&#12314;+10+&#7806;&#12315;<br>etsi cum qua miserus"
"EDR149978","Iarinus"
"EDR149983","Syneros"
"EDR150009","&#931;&#965;&#957;&#941;&#961;&#969;&#962;<br>&#954;&#945;&#955;&#8056;&#962; &#946;&#953;&#957;&#949;&#8150;&#962;"
"EDR150010","((phallus)) ratio (:rationem) mi cum ponis<br>Batacare te pidicaro (:pedicavero)<br>ana"
"EDR150368","L(ucius) Annius [+2?+]it"
"EDR150369","Beronce (:Beronice)"
"EDR150370","Froto (:Fronto) Planì<br>&#7735;ing&#803;it cun=<br>&#7751;um"
"EDR150376","Victor cum Attine<br>hic fuit"
"EDR150494","Fortunata fellat"
"EDR150499","Victor<br>valea (:valeas) qui bene<br>futues (:futuis)"
"EDR150507","Lucrio<br>Amasuc+++<br>Sarne(n)sis"
"EDR151037","Myrtale<br>Cassacos<br>fellas"
"EDR151039","&#923;&#953;&#946;&#949;&#961;&#8118;&#955;&#953;&#962;"
"EDR151041","Ver et Anedia"
"EDR151042","Myrtale<br>C{C}ass&#7841;"
"EDR151043","Ampliatus"
"EDR151047","Murtis (:Myrtis) bene<br>felas (:fellas)"
"EDR151049","Fortunata fellat"
"EDR151050","&#927;&#913;&#922;&#921; (:&#934;&#913;&#922;&#921;)"
"EDR151061","Caius cum I(---)"
"EDR151159","incala&#7807;(it?)"
"EDR149031","&#915;&#949;&#955;&#945;&#1010;&#964;&#8052; &#967;&#945;&#8150;&#961;&#949;"
"EDR149034","Rar(us)"
"EDR149173","[amat qui scrib]et. Pedic[a]t[u]r qui leg[et]. [Qui] obscult[a]t prurit.<br>[Pathicus est qui pr]aete[ri]t.<br>Scribit [p]edicato[r]<br>Septu[m]ius"
"EDR149174","[- - -]<br>[- - - q]uam [p]retio a[u]t precibus v[in?]citur.<br>adsta [- - -]"
"EDR149298","At[r&#803;](---?)"
"EDR149300","CCCLXXXVI"
"EDR147932","((:circulus triplex florem continens)) <br>((:triple circle containing flower))"
"EDR149301","CCCLXXXII"
"EDR148730","Attini (:Atini)"
"EDR148732","((:folium))<br>((:leaf))"
"EDR151048","&#12314;[+4?+]&#7885;r&#12315; bene<br>valeas qui bene futues"
"EDR148733","((:folium))<br>((:leaf))"
"EDR148731","((:tres tauri ad sin. currentes)) <br>((:three bulls running to left))"
"EDR149035","((:retiarius cum tridenti))<br>((:retiarius with trident))"
"EDR149036","&#922;&#959;&#957;&#964;&#949;&#956;&#803;&#957;&#969; &#948;&#951;&#961;&#949;&#953;&#948;&#953;&#969; &#923;&#945;&#964;&#969;&#957;&#945; &#964;&#959;&#965;&#945;[&#956;] &#1017;&#945;&#955;&#946;&#953;&#955;&#955;&#945;"
"EDR149037","P<br>Pri(mi)ge[nius?]"
"EDR149038","((:viri facies barbata ad sin.))<br>((bearded face of man facing left))"
"EDR149041","lax<br>f(---?)"
"EDR149043","abiat IIIIIII (:habeat)<br>koueti (:Quieti) ((:corona?))"
"EDR140057","&#934;&#953;&#955;&#953;&#960;&#960;&#953;"
"EDR140127","Bal&#770;b(us)"
"EDR140134","David"
"EDR140138","Burr[us] pedad (:petat) H(---)"
"EDR140139","Salvia Superba "
"EDR140167","CEN"
"EDR140169","GENT[--]RR[---]"
"EDR140178","cui in"
"EDR140179","P S (A)edituis (:Aedituus)"
"EDR140181","Severus"
"EDR140182","CLXX"
"EDR140184","<:ad perpendiculum><br>Iuvari"
"EDR140185","VERIII"
"EDR140186","&#934;ab(ius)"
"EDR140191","Ex sept(em?)"
"EDR140195","XI k(alendas) pane(m) factum<br>III nonas pane(m) factum<br>&#12314;III&#12315;"
"EDR140200","&#928;&#961;&#959;&#954;&#955;&#945;"
"EDR140206","&#12296;:columna I&#12297;<br>Rom(a?)<br>&#969;<br>R<br><br>&#12296;:columna II&#12297;<br>Ocaeanus (:Oceanus)"
"EDR147158","((:galea gladiatoria))"
"EDR147856","Montan(u)s<br>sum <br>v(ictoriarum)<br>X<br>((:gladiator)) <br>((:gladiator))"
"EDR147862","((:labyrinthus circularis)) <br>((:circular labyrinth))"
"EDR147874","((circulus fortasse rota)) <br>((:circle perhaps wheel))"
"EDR147875","((circulus fortasse rota)) <br>((:circle perhaps wheel))"
"EDR147876","((:circuli))<br>((:circles))"
"EDR147877","((:circulus))<br>((:circle))"
"EDR147878","((:circulus florem continens)) <br>((:circle containing flower))"
"EDR147881","((:circulus florem continens))<br>((:circle containing flower))"
"EDR147929","((:circulus florem continens)) <br>((:circle containing flower))"
"EDR147930","((:circulus florem continens)) <br>((:circle containing flower))"
"EDR147933","((:circulus)) <br>((:circle))"
"EDR147978","((:circulus circino tractus)) <br>((:compass drawn circle))"
"EDR136435","[- - -]I XII IV[- - -] <br>[- - -]XVIIII [- - -]VIIII<br>"
"EDR142571","IIIIIIIIII&#769; IIIIIIIIII&#769; IIIIIIIIII&#769; IIIIIIIIII&#769;  IIIIIIIIII&#769;<br>IIIIIIIIII&#769;  IIIIIIIIII&#769;  IIIIIIIIII&#769;  IIIIIIIIII&#769; X <br>sex"
"EDR140040","C C ego"
"EDR140039","&#12296;:columna I&#12297;<br>Branc<br>broc<br>trans<br>nus<br><br>&#12296;:columna II&#12297;<br>Nos=<br>ter <br>tros <br>men <br><br>&#12296;:columna III&#12297;<br>Quod<br>quid<br>quae<br>quas<br><br>&#12296;:columna IV&#12297;<br>Rum<br>quis <br>que<br>dem<br><br>&#12296;:columna V&#12297;<br>Con <br>les<br>lis <br>mul&#803;<br><br>&#12296;:columna VI&#12297;<br>Mol<br>ma<br>me<br>mae"
"EDR140034","Stirisc[us?---]<br>[M]oschus Noeto [salutem?]"
"EDR122610","P(ondo) CLXIIX((semis))"
"EDR124997","Salute&#803;(m) ven(ientis)<br>ven(ientis)<br>III"
"EDR125001","con[ti]quere (:conticuere) omn(es)"
"EDR140052","Soli"
"EDR140060","No"
"EDR140061","[?--- acce]pit Secundus Crusali ser(vus?)<br>et Valentina ((:phallus))"
"EDR140062","(h)eribus miscella<br>"
"EDR140141","Centurio<br>centonem non habet <br>cen(---?)"
"EDR140144","Ma(n)sueta<br>tene ((:phallus))"
"EDR140146","Sa(lve?)"
"EDR140164","[---]N LA[---]"
"EDR140166","Cum quidam pauper ligas vi[vere?------] NQ"
"EDR140170","Ianu(arius?)"
"EDR140173","SPI<br>Oceanus"
"EDR140175","[---] DIII VII"
"EDR140176","ON"
"EDR140189","Sab(inus?)"
"EDR140193","XVII"
"EDR140208","Mercurius"
"EDR140210","IIIIIIIIIII"
"EDR140199","Eueno"
"EDR140203","XXVIIII"
"EDR140204","IIII P(ublius) Quin(tilius?)"
"EDR140205","Pri(mi)genio s(alutem)"
"EDR140211","Charca miam (:meam), Sira (:Syra)"
"EDR140219","[---]lius CINT genius suae sal(utem) <br>[---]CIN N AGIO GORC R"
"EDR140221","si vol(es?) cum Marcello bona[---] "
"EDR140223","PPP redire redire si minus innecteb et te [---] "
"EDR140226","Secundus quo Hectic[+10?+]rimam s[alutem?]"
"EDR140230","((:phallus))<br>Anicete va(le)"
"EDR140231","Augu"
"EDR140232","suis P ave VIBAN"
"EDR140233","V&#770;ale Procam&#770;u(s) (:Procame)"
"EDR140234","P(ublius) Septumius "
"EDR140235","IIII"
"EDR140251","XXXIXXVVV"
"EDR140252","IIIIIIIIIIIIIIIIII"
"EDR140834","&#922;&#923;&#919;&#914;&#921;&#935;&#925;"
"EDR140835","&#923;&#921;&#913;&#914;&#921;&#935;&#932;&#923;"
"EDR140978","Vivanius Ater ubique"
"EDR140979","VMVCOSV"
"EDR142437","XI"
"EDR142438","Q(uintus) La(elius?)"
"EDR142439","Ulna O(r)dinius(?)"
"EDR142440","[---]FIOPEOEI[---]<br>[---]FIOPIDMN[---]"
"EDR142441","Ad Ner[on---?]"
"EDR142442","Cere(ri?)<br>Apollin(i)"
"EDR147884","((:circulus circino tractus et florem continens)) <br>((:compass-drawn circle containing flower))"
"EDR147925","A <br>((:circulus circino tractus et florem continens)) <br>((:compass-drawn circle containing flower))"
"EDR147927","((:circulus circino tractus et florem continens)) <br>((:compass-drawn circle containing flower))"
"EDR147928","((:circulus circino tractus et florem continens)) <br>((:compass-drawn circle containing flower))"
"EDR147931","((:circulus circino tractus et florem continens))<br>((:compass-drawn circle containing flower))"
"EDR147969","((:circulus circino tractus et circulos sectiles continens)) <br>((:compass-drawn circle containing overlapping circles))"
"EDR147970","((:circulus circino tractus et circulos sectiles continens)) <br>((:compass-drawn circle containing overlapping circles))"
"EDR147971","((:circulus circino tractus et circulos sectiles continens:)) <br>((:compass-drawn circle containing overlapping circles))"
"EDR147972","((:circulus circino tractus et circulos floresque continens)) <br>((:compass-drawn circle containing circles and flowers))"
"EDR147973","((:circulus circino tractus et circulos floresque continens)) <br>((:compass-drawn circle containing circles and flowers))"
"EDR147974","((:circuli circino tracti))<br>((:compass-drawn circles))"
"EDR147975","((:circulus)) <br>((:circle))"
"EDR147977","((:circulus circino tractus)) <br>((:compass-drawn circle))"
"EDR147979","((:circuli sectiles circino tracti))<br>((:overlapping compass-drawn circles))"
"EDR148421","YN<br>RA<br>Y"
"EDR148673","III nonas Augu(sti)<br>Calc[hi]mi oc<br>[ete]rate<br>in<br>"
"EDR148674","Amabiliter "
"EDR148678","N(umeri) Popidi"
"EDR148679","cito"
"EDR148682","&#12296;:columna I&#12297;<br>A[lb]anus Pompon(ius)<br>S[ev]eri servus <br><br>&#12296;:columna II&#12297;<br>[- - -]<br><br>&#12296;:columna III&#12297;<br>Severus"
"EDR148683","Trofime<br>XIX"
"EDR148685","((denarius)) XIIII A(ssibus) [- - -]<br>debes  <br>((denarius)) XLVII  XVI"
"EDR148862","((:viri herma ad sin. conversus))<br>((:head of man)) "
"EDR148864","((:avis stans))<br>((:bird standing))"
"EDR148865","((:avis stans))<br>((:bird standing))"
"EDR149061","Li(n)ge ((:phallus ad sin. versus)), Aspasia"
"EDR149064","Iuli, ((:phallus ad sin. versus)) lingis<br>Pacatus"
"EDR149154","Vetti&#769; Successe"
"EDR149155","CLA<br>IIII K(alendas?)<br>&#12296;:vacat&#12297;<br>III K(alendas?)<br>CE<br>"
"EDR149188","Abcedfgh[- - -]"
"EDR149190","Capella, va(le)<br>((:palmae ramus))<br>((:palm branch))"
"EDR149191","Eros"
"EDR149233","IIIIIIIII"
"EDR149333","Melisse va&#770;(le)<br>hac(?)"
"EDR151417","Nicanor Ova[s]"
"EDR148416","((:labyrinthus circularis))  <br>((:round labyrinth))"
"EDR147857","Psyche <br>((:nomen Psyche in medio corde)) <br>((:name Psyche in the middle of a heart))"
"EDR147607","((:herma viri cum palma)) <br>((:bust of man with palm))"
"EDR127360","XXXX"
"EDR148422","((:permulta quadrata triangulaque)) <br>((:geometric design of squares and triangles))"
"EDR148687","Cel&#803;e&#803;s&#803;ius hic est"
"EDR149151","ABCDEFGHIKLMN"
"EDR149152","AB[- - -]OHIKLM"
"EDR149181","ABCD"
"EDR149186","C Piero&#803;"
"EDR149189","D &#12296;:vacat&#12297; BA<br>D<br>D((:navis)) BK<br>"
"EDR122604","have (:ave)"
"EDR125508","Unctor Xanthe ti[bi] carus lusuque iocoso<br>adsuetus"
"EDR125509","quid vos augerem? miserere alium volueris. Cresce(n)s hic se curat. Salute(m)"
"EDR125510","quisquis amat nigra(m) nigris carbonibus ardet<br>nigra(m) cum video, mora libenter aedeo (:edo)"
"EDR125531","Receptus Actio sa[l(utem)]<br>Acti v&#770;a(le)<br>Receptus Athict&#803;o sal(utem)"
"EDR125533","Falerno<br>Sur(r)en[tino?]"
"EDR125534","[---]XVII MI XCP<br>[---]M IIIIIIIIIIII<br>XXVII ((semis)) acepi (:accepi)<br>M XXXXV  XV  XV<br>pa&#770;bu spo XX<br>[---]VCR CCNLLC<br>[---]m med XXXII med"
"EDR127410","Urb(ani?)"
"EDR127427","Mened(emerumenus)<br>Mened(emerumenus)<br>Menedimerume(nus)<br>Menedeme(rumenus)<br>Menedemer(umenus)<br>Menedimeru(menus)<br>[+]"
"EDR127429","((:herma adulescentis))<br><br>HCYXOC (:&#7981;&#963;&#965;&#967;&#959;&#962;)<br>&#12296;:nomen scriptum in semicirculum&#12297;"
"EDR127812","L(ucius) Abella(nus?) Epidius<br>RA<br>"
"EDR127815","P(ublius) Pro=<br>pesi<br>cuntus (:contus).<br>Verpa<br>que (:quae) is=<br>tuc<br>leges.<br>Non es<br>fiden=<br>ter,<br>script=<br>o[r]<br>((:phallus))"
"EDR127818","Asella(?) va(le)<br><br>"
"EDR127819","N&#770;T, MA(?)"
"EDR127824","Sautran(e) vale"
"EDR127972","ven[i]vit<br>mul(i)eri<br>D(ecimi) Lucreti Vale(ntis)<br>Onus(tus?)<br>eques I<br>r(ationis?)<br>Saga(tus)<br>t(h)r(aex)<br>m(urmillo)<br>I (rationis)"
"EDR127975","VCQ(?)"
"EDR127977","summus &#7747;&#7865;<br>"
"EDR127979","iri           <br>B      <br>mille(?)<br>Acan(thus)     <br>f(e)li(citer)(?)<br>&#12296;:scripta ad perpendiculum&#12297;"
"EDR128757","&#12296;:columna 1, stria 11&#12297;<br>A<br><br>&#12296;:columna 2, stria 12&#12297;<br>A<br><br>&#12296;:columna 3, stria 16-17&#12297;<br>Pompeianis Paevoniam (:Paeoniam)<br>Po[---]<br>((:vir))"
"EDR128761","Mag(ister) ludi<br>&#12296;:textus non legitur&#12297; Max"
"EDR135591","quati"
"EDR136429","Adauctus"
"EDR136431","MQN"
"EDR136432","Nero"
"EDR136433","Habito suo <br>[- - -]lia sal(utem)"
"EDR136436","Caiu"
"EDR136437","Qui nisi le[---]"
"EDR136438","VII((semis)) (:septem et semis)"
"EDR140124","Quis d"
"EDR140133","M"
"EDR140151","A&#818;(ulus) Tati&#818;(us?)<br>[- - -]p&#818;r&#818;ius"
"EDR140180","&#924;&#925;&#926;&#927;&#928;&#929;&#1017;&#932;&#933;&#934;&#935;&#936;&#937;"
"EDR140248","Cave(a)s, Timinia,<br>f&#803;ures"
"EDR140709","[Vi]bius"
"EDR140188","VIII K(alendas) Martias<br>Numisii Genialis<br>gladiatorum paria X<br>Herculani"
"EDR140711","[&#8008;]&#957;&#941;&#963;&#953;&#956;&#959;&#962;<br>[---]&#949;&#965;&#957;u&#962;<br>LI[---]EM"
"EDR140980","Quam mita (?) vis (?). Pastores ateque (:atque). Caste monit erga pugiles (?). "
"EDR140982","Ipius VI DV (:V Idu(s)?)"
"EDR140983","Fortunatus amat Amplianda(m).<br>Ianuarius amat Veneria(m).<br>Rogamus damna (:domina) Venus<br>ut nos in mente(m) habias (:habeas)<br>quod te modo introrgamus. (:interrogamus) "
"EDR140986","Urso urso"
"EDR140987","Marcus"
"EDR142564","((:navis oneraria cum nautis et tugurio))<br>((:cargo ship with sailors and deckhouse))"
"EDR142565","Idibus Martia (:Martiis) <br>in sumptum sump&#803;si"
"EDR142566","Narcissus"
"EDR142567","XI XV Ka(lendas) Maias"
"EDR142569","XI K(alendas) Iulias <br>man(?)"
"EDR142573","Venustus <br>((:nomen Venustus in forma navis scriptum))<br>((:name Venustus written in shape of boat))"
"EDR143926","[iamque omn]&#7865;s veicinei (:vicini) incendia participantur<br>[sei (:si) facia]m flammam tradere utei (:uti) liceat<br>"
"EDR143927","[---]n ore ap(?)[---]<br>[---]sumat aut ea va[---]<br>[---]sumpti opus est a[---]<br>[---]udam eu ei(?)[---]VDAI[---] "
"EDR144785","[nil sibi] habere aiunt Eum[am totum]que locare.<br>[q]uid &#7789;um? [plus a]deo condere uti liceat "
"EDR144787","Caesia, sei (:si) n[---]<br>sei (:si) parvom (:parvum) p[---]<br>es, bibe lude[---]<br>nec semper[---]"
"EDR144788","solus amare v[---]<br>multa opus sunt s[---]<br>quod neìsceìre (:nescire) dare [---]"
"EDR147777","Cresce(n)s Spatalo<br>sal(utem)<br>((:verba CRESCES SPATALO in forma navis scripta))<br>((:phrase CRESCES SPATALO written in shape of boat))"
"EDR147779","Cresce(n)s archite&#803;ctus <br>((:verba CRESCES ARCHITECTUS in forma navis scripta)) <br>((:phrase CRESCES ARCHITECTUS written in shape of boat))"
"EDR147780","[N]avigiu(m) Celeris<br>((:verba in forma navis scripta)) <br>((:phrase written in shape of boat))"
"EDR147860","quanvis (:quamvis) modesta vi maxima sis <br>((:verba in forma sicae scripta)) <br>((:words written in form of curved dagger)) "
"EDR147861","q&#818;u&#818;an&#7807;&#7883;s [- - -]es&#7789;a vi [- - -] <br>((:verba scripta in forma sicae)) <br>((:words written in form of curved dagger)) "
"EDR147919","Siletiollus<br>((:nomen SILETIOLLVS in forma navis scriptum)) <br>((:phrase SILETIOLLVS written in shape of boat))"
"EDR147921","Siletiolus<br>((:nomen SILETIOLVS in forma navis scriptum))<br>((:name SILETIOLVS written in shape of boat))"
"EDR147999","Siletiollus<br>((:nomen SILETIOLLVS in forma navis scriptum)) <br>((:name SILETIOLLVS written in shape of boat))"
"EDR148103","Venite amantes <br>((:verba in forma navis scripta)) <br>((:phrase written in shape of boat))"
"EDR148671","Acetabula<br>a(ssibus) II ((semis)) ((scripula?)) II<br>Acetabela (:acetabula) APTL"
"EDR148788","in contra p(ondo?) VI ((scripula?)) VIII"
"EDR148821","Mune&#803;r&#803;<br>"
"EDR148863","((:avis))<br>((:bird))"
"EDR149017","Prim[- - -]ac[- - -]ecis "
"EDR149039","((:gallus ad sin. rostro cibum carpens))<br>((:rooster pecking at food, facing left))"
"EDR149143","Paris"
"EDR149144","Echio vâ(le)"
"EDR149147","Luci Augustiane,<br>ab(ias) prop(itium) Caes(arem)<br>"
"EDR149148","Luci Augustiane<br>ab prop"
"EDR149149","Marius <br>NAR"
"EDR149150","L(ucio) Popidio Secundo<br>Augustiano feliciter<br>[- - -]QP"
"EDR149176","OR[- - -]<br>N XXXII[- - -]"
"EDR149184","&#12296;:columna I&#12297;<br>&#922;&#943;&#957;&#957;&#945;=<br>&#956;&#959;&#1010; <br><br>&#12296;:columna II&#12297;<br>&#922;&#943;&#957;&#957;&#945;&#956;&#803;=<br>&#945;&#956;&#959;&#1010;"
"EDR149398","CA&#803;T&#803;IA&#803; "
"EDR143925","[Noct]ibus pervig[ilans totis ego propter a]morem<br>[se]i (:si) detur dei&#7807;[am (:divam) posse videre meam.]<br>[congla]cio s[ub sideribus, sed pectus] in aestost <br>[---] huc [---]t "
"EDR147687","Cresce(n)s architectus  <br>((:verba CRESCES ARCHITECTUS in forma navis scripta)) <br>((:phrase CRESCES ARCHITECTUS written in the shape of a boat))"
"EDR149146","Romanus<br>accepit ((sestertii)) ((%100000))"
"EDR150187","M(anius) Valer(ius)"
"EDR151065","Castrensis"
"EDR151668","Rete va(le)<br>((:phallus))"
"EDR151679","Lachi"
"EDR151681","Crescentis locus"
"EDR151687","Texe(ntis) Erati locus"
"EDR151691","T&#818;i&#818;burtinus locus"
"EDR151698","Gloriose v&#770;a(le)"
"EDR151701","((:hominis facies))<br>((:human face))<br>Vespasius&#803; [- - -]  "
"EDR145936","Echio va(le) "
"EDR149175","DCC[+2+]XXXX"
"EDR149142","((:hominis caput cum naso ingenti)) <br>Ampliate,<br>Icarus<br>te pedicat.<br>Salvius <br>scripsit."
"EDR151694","Lolius (:Lollius)"
"EDR151696","&#7882;&#7909;&#7751;(iae) P&#803;rim&#7841;&#7865;<br>"
"EDR151702","Verna Vernionis<br>Secundus<br>Secundus"
"EDR151704","Antonius Rustio s[al(utem)?]"
"EDR140137","MOECCIA (:Moecia) CC"
"EDR140258","Mus nequa(m)"
"EDR140246","I"
"EDR140257","XVII k(alendas), X k(alendas), VII id(us)"
"EDR149302","IIIIIIIIIIIIIIIIIIIIIIIIIIIIIIIIIIIIIIIIIIIIIIIIIIIIIIII<br>IIIIIIIIIIIIIIIIIIIIIIIIIIIIII &#12296;:vacat&#12297; IIIIIIIIIIIIIIII<br>IIIIIIIIIIIIIIIIIIIIIIIIIIIIIIIIIIIIIIII"
"EDR151682","&#925;&#959;&#965;&#956;&#949;&#953;&#803;<br>Q S"
"EDR151683","Vidi "
"EDR151692","Atenais (:Athenais) aeris (assibus) II<br>Sabina aeris (assibus) II<br>a(ssibus) II((semis))"
"EDR151693","Sa(lutem?)<br>murmillones"
"EDR151697","X III idus Ia(nuarias)<br>X III k(alendas) I&#803;(anuarias?)<br>A&#803;(- - -?)"
"EDR151699","Suavem a(- - -)"
"EDR151700","((:hominis figura))<br>((:human figure))<br>&#917;&#7984;&#963;&#953;&#964;&#973;&#967;&#951; &#963;&#974;&#950;&#959;&#965;&#963;&#945;"
"EDR151705","Si tibi c&#7909;<br>((:gladiator))<br>((:gladiator))"
"EDR151707","Phosphor(us) tuis<br>choreis"
"EDR151708","&#928;&#972;&#955;&#959;c &#7936;&#960;"
"EDR151709","Phosphor(us) tuis cores (:choreis) ASM[- - -]"
"EDR151711","&#935;&#913;&#925;&#913;&#914;&#913;&#914;&#917;&#921;"
"EDR151714","Mulus hic muscellas docuit"
"EDR151715","opocarpasum<br>batracium (:batrachium)<br>hyoscuimon<br>&#12314;cicuta&#12315;<br>"
"EDR151718","Niycherate (:Nicerate) V+=<br>ana succula<br>que (:quae) amas<br>Felicione (:Felicionem) <br>et at (:ad) porta (:portam)<br>deduces <br>illuc (:illud)<br>tantu (:tantum)<br>in mente (:mentem)<br>abeto (:habeto)"
"EDR151720","SVQ VMA sum[- - -]C&#803;"
"EDR151721","&#922;&#965;&#960;&#945;&#961;&#943;&#957;&#951;"
"EDR151732","Onesim(us)"
"EDR151752","Men&#803;(dax)"
"EDR151753","Mendax verac&#803;i&#803;"
"EDR151754","Mendax veraci salute (:salutem)"
"EDR151755","Mendax veraci ubique salute (:salutem)"
"EDR151756","&#964;&#961;&#941;&#967;(&#949;?)<br>&#964;&#945;&#967;&#973;&#1010;= <br>&#964;&#949;&#953;&#957; (:&#964;&#945;&#967;&#943;&#1010;&#964;&#951;&#957;)"
"EDR151757","+++ ++[- - -]<br>(vacat)<br>Roufilla (:Rufilla) dom[ina?]<br>mamillae"
"EDR151759","&#922;&#965;&#960;&#945;[&#961;&#943;]&#957;&#951;<br>&#913;&#929;&#913; &#929;&#919;<br>&#923;&#929; &#1017;&#913;&#928;&#927;&#921;&#935;<br>&#968;&#969;&#955;&#942;<br>&#935;"
"EDR151761","II ((denarii)) III III"
"EDR151762","((denarii)) XXI"
"EDR151763","[- - -]&#917;&#929;&#927;&#1017;&#927;&#932;&#917;++&#927;&#803;&#925;<br>&#964;&#8056;&#957; &#924;&#973;&#963;&#953;&#959;&#957;<br>&#923;&#921;&#1017;&#933;&#935;&#803;"
"EDR151764","Canities"
"EDR151765","&#7944;&#952;&#951;&#957;&#972;&#948;&#969;&#961;&#959;&#962;  "
"EDR151766","&#1017;&#1017;&#932;&#933;++&#918;&#927;&#925;<br>&#932;&#921;++&#923;&#925;&#921;&#917;+&#937;&#925;<br>Bi&#7789;[hy]nus"
"EDR151771","Non pos"
"EDR151772","Cissus"
"EDR151775","Anicetus"
"EDR151776","Secundus<br>felator (:fellator)<br>rarus<br>AIOAI<br>ira<br>"
"EDR151777","Liberalis"
"EDR151782","Fructus"
"EDR151785","Ampliatus<br>O+++++"
"EDR151798","Armaturiis"
"EDR151799","L&#803;eontine v&#770;a(le)"
"EDR151800","S nequa(m) "
"EDR151801","Mus"
"EDR151802","M&#770;M&#770;M&#770;Mus"
"EDR151804","Saeculares"
"EDR151805","Samellius"
"EDR151807","C&#803;ladus"
"EDR151808","Corinthus"
"EDR151823","HTLIMABS<br>"
"EDR151836","Narcissus"
"EDR151684","P(ublius) Caselicius Canus"
"EDR151729","SIIIQBIIIIRI"
"EDR151731","Apri&#803;&#803;culus I"
"EDR151733","Clemes (:Clemens)"
"EDR151734","Fortunatus"
"EDR151735","&#7945;r&#960;&#959;&#954;r&#8118;(&#962;) (:&#7945;&#961;&#960;&#959;&#954;&#961;&#8118;&#962;)"
"EDR151774","&#7945;&#961;&#960;&#959;&#961;(&#954;&#961;&#8118;&#962;)"
"EDR151789","Mansuetus provocator<br>victor Veneri par=<br>mam (:palmam) feret"
"EDR151790","&#922;&#941;&#955;&#1010;&#945; L(ucii) l(iberta) <br>&#12314;XIX&#12315;"
"EDR140254","&#919;dibus (:Idibus) Ianyaris (:Ianuarias)<br>mystacogus (:mystagogus) docens<br>Gebeum et &#7864;&#7789;&#7885;&#7865;n<br>&#7735;&#7909;c&#803;&#7883;&#7841;n+ vic&#803;ic&#803;"
"EDR145434","Nica Crete (:Chreste) issime (:ipsime)"
"EDR146189","pdic (:pedicat) Aplonia (:Apollonia) [---]A[---]<br>bene dat Nonius<br>futere[---]<br><br>"
"EDR146651","Feliclâm (:Feliculam) ego hic futui{ì} "
"EDR146893","&#924;&#959;&#955;&#945; &#966;&#959;&#965;&#964;&#959;&#965;&#964;&#961;&#953;&#962;"
"EDR147137","Iar"
"EDR149104","Victor bene fut&#7909;&#7883;&#7789; Novim&#12296;u&#12297;s"
"EDR149111","non aug"
"EDR150501","Rusat&#818;i&#818;a&#818;"
"EDR151706","L(ucius) Cuatius (:Quatius?) Sabinus"
"EDR151730","[r]enibus hic <br>Corvenius"
"EDR151840","Hermeros Everus (:Severus?)"
"EDR151843","Hermes Cinamus (:Cinnamus)"
"EDR151845","Sabinus"
"EDR151851","Rusticus<br>Rusticus"
"EDR151854","Anumrub"
"EDR151887","Pilipus (:Philippus)"
"EDR151888","Marcu (:Marcus)"
"EDR152013","Her(meros?)"
"EDR152017","Africanus moritur<br>scribet (:scribit) puer Rusticus<br>condisces (:condiscens) cui dolet pro Africano"
"EDR140142","&#922;&#959;&#947;&#953;&#818;&#964;&#818;&#940;&#818;&#964;&#818;&#959;&#818;&#965;&#818;&#1010;&#818; s&#818;(alutem)"
"EDR151710","Restituta tuis choreis"
"EDR150390","[F]aus[t+2+]"
"EDR150757","[---]vale<br>[---]XI<br>[---]II"
"EDR150758","&#923;&#949;&#963;&#946;&#953;&#959;&#965;&#962;[---]<br>&#928;&#919;&#923;&#923;&#913;[---]"
"EDR150991","[---]cutas qua[---]<br>[---]at ant[---]"
"EDR151026","Scri[psit] <br>E&#803; T IRV<br>XI II III"
"EDR151027","A&#803;DAAII IV<br>I&#803;IIII&#803;LOVII"
"EDR151712","Memor"
"EDR151713","{Ac}Accia"
"EDR151716","Iulius Quintus"
"EDR151717","Restituta tuis chor&#7865;&#7883;[s]"
"EDR151719","Veteri"
"EDR151722","Quintinus"
"EDR151760","OPEVAL++L[- - -]<br>PLA[- - -]"
"EDR151779","Amantes &#7806;&#7788;&#7882;&#7882;"
"EDR150388","[---]nt l[---]<br>[---] pinx[it ---]<br><br>"
"EDR154092","Qunei (:cunei) XXIII<br>Asseres XV"
"EDR154047","Cunei"
"EDR154046","[---]at veniat"
"EDR154045","Ti(berius) Claud(ius)"
"EDR154043","Septembr(es)<br>III idus pro tunica ((denarius)) I a(sses) VIII"
"EDR153854","[---]asu M umor[---]"
"EDR153851","Ultas"
"EDR153743","Silentiolus<br>((:nomen SILENTIOLUS in forma navis scriptum))"
"EDR154189","Euhodus"
"EDR154190","Mortu(u)s<br>Sumpo(rus) (:Symphorus)"
"EDR154368","[F]usci Cilix<br>Cilix"
"EDR154372","Caetronius"
"EDR154373","Urso"
"EDR154588","&#913;&#914;&#915;&#916;&#917;&#918;&#919;&#920;&#921;&#922;&#923;&#924;"
"EDR154589","&#913;&#914;&#915;&#916;&#917;"
"EDR154590","ABCDEFGHIK"
"EDR154592","ABCD"
"EDR154593","&#916;&#917;&#918;&#919;"
"EDR154594","&#913;&#914;&#915;&#916;"
"EDR154595","&#913;&#914;&#915;&#916;&#917;&#918;&#919;&#920;&#921;&#922;&#923;&#924;&#925;&#926;&#927;&#928;&#929;&#931;&#932;&#933;&#934;&#935;&#936;&#937;"
"EDR151792","&#7960;&#960;&#945;&#966;&#8118; (:&#7960;&#960;&#945;&#966;&#961;&#8118;)"
"EDR151864","Romu(lus)"
"EDR151874","((:circulus duplex)) IIIII<br>XX<br>XX<br>X"
"EDR151877","Spedio Antymo [- - -]<br>[redi?]bis e Pompeian[o]<br>a Colono sa&#803;(lutem?) <br>est augusta&#818;l&#818;[is] "
"EDR151926","&#922;&#943;&#957;&#957;&#945;&#956;&#959;&#1010;"
"EDR154369","XII"
"EDR154370","VIII k(alendas) Iulias"
"EDR154542","[--- f]inibus[s? ---] feliciter"
"EDR154563","Va(le) va(le)"
"EDR154566","Exem(p?)ta<br>ste(r)cora<br>a(ssibus) XI"
"EDR154570","Quant(?)"
"EDR154571","[Ius?]tus lusor"
"EDR154572","Iustus cinaedu[s]"
"EDR154573","[C]{i}in(a)ede (:cinaede)"
"EDR154574","III non(as) M&#770;a&#770;i[as]<br>VII idus p{a}eriit (:periit)"
"EDR154575","Lasius cin(a)edus (:cinaedus)"
"EDR154576","[X]anthi<br>trama<br>p(ondo) IX<br>stame(n)<br>p(ondo) VII<br>VIII"
"EDR154591","QABCDEFG"
"EDR151910","Q(uintus) M[---]antu[s---]"
"EDR153111","Fuibus (:Phoebus)<br>egrotes (:aegrotes)"
"EDR153151","Albinus"
"EDR153356","Vidimus"
"EDR153357","Cai(us?)"
"EDR153358","Poly(bius?)"
"EDR153483","VS SVMM (:summus)"
"EDR153484","HIMME"
"EDR153485","&#12296;:ad perpendiculum&#12297;<br>Numini"
"EDR153486","CA"
"EDR153609","Meti(enus?)"
"EDR153613","Iul{a}iam (:Iuliam)<br>ad dom(inam?)"
"EDR153615","LXXII"
"EDR153740","Amethyste v&#770;a(le)"
"EDR153741","CHIE IMN"
"EDR153742","Silentiolus<br>((:nomen SILENTIOLUS in forma navis scriptum))"
"EDR153850","S(emis) C Y ((mille)) S(emis) S(emis)"
"EDR153852","((mille)) ((mille))"
"EDR154044","A(n)sas n(umero) LXI<br>Anaticulas n(umero) CXXVI"
"EDR154371","Sala[rius] glabe(r) rusiunnae (?) Lavinia(m) futui"
"EDR154421","((:caput gladiatoris ad sin. versum et galea armatum))<br>VII a(sses) III"
"EDR154429","Urban(e) v&#770;a(le)"
"EDR154430","omnibus Salinensi v[---]"
"EDR154431","Modesti"
"EDR154432","Phyl(lis?) va(le) (:Phyllis vale)"
"EDR154437","IIIIIIIIIIIIIIIIIIIII"
"EDR154439","IIIIIIIIIIIIIIIIIIII"
"EDR154440","IIIIIIIIIIIIIIIIIII"
"EDR154441","IIIIIIIIIIII"
"EDR154442","IIII"
"EDR154443","IIIIIIIIIIIIIII"
"EDR154444","Omnes<br>XXXI"
"EDR154445","IIIIIIIIIIIIIIIII<br>&#12296;:vacat&#12297; III"
"EDR154446","IIIIIIIIIIIIIIII"
"EDR154537","{Pa} Paulin"
"EDR154538","Feliciter [P]roculo"
"EDR154539","Vin(icius?)<br>Florus<br>Paris<br>C(aius) Messenius"
"EDR154540","Careius"
"EDR154541","((:phallus))"
"EDR154568","Extan[t?] p&#803;isu<br>[---]quatus ne<br>Quinque"
"EDR154569","Casium et<br>tres sc[---]rios habes"
"EDR151861","ALS"
"EDR151863","C(aius) Ostius"
"EDR151865","Reste&#803;"
"EDR151866","Onesimus"
"EDR151867","Vinum acceptum<br>ab domino VII Idus Apriles"
"EDR151872","Q(uintus) Albinius L(uci) E(ilius) (:filius)"
"EDR151873","[---] socio F[---]<br>[---s?]AL(utem?)"
"EDR151876","Pr(etio?) XXX cu[+]XXX"
"EDR151884","&#7961;&#961;&#956;&#943;&#945;(&#962;)  "
"EDR151892","Cosmus cas(tus?)"
"EDR151898","Phlavia (:Flavia) &#920;&#818; l&#818;i&#818;(n)g&#818;i&#818;s&#818;"
"EDR154447","Ceres <br>Cossutius (?)"
"EDR154567","Quator (:quattuor) cer[---]"
"EDR150399","L(uci) Aviani votus (:votum)"
"EDR140036","Ex se[na]tu con=  (:senatus)<br>sul[to] VVCA<br>[---]E ICA<br>m&#770;ansi solus"
"EDR140149","algemus"
"EDR151818","M&#770;ansi solus (e)x s(enatus) c(onsulto)"
"EDR151829","Myrine mari"
"EDR151895","IVIIRIIHIIRI "
"EDR151901","[- - - d]ece[mbr?- - -]"
"EDR153800","((semis)) IIIII"
"EDR154423","((semis)) IIIIIIIIIIII XX  "
"EDR151594","Actii va(le)<br>Amicus"
"EDR154433","Vitalio<br>pedica ut comatus<br>urosacula<br>suurus (:Syrus?)<br>foliatus"
"EDR154533","Anicete Paris va(le)"
"EDR154534","Echio, va(le)"
"EDR154535","L(uci?) Acti va(le).  Mystice Mus comici icui pro te fuimus."
"EDR151835","Est res in co(n)sid[- - -] "
"EDR151886","Saco(mata?) XX"
"EDR151897","V(?) Bombycion <br>fellat"
"EDR151948","R&#7865;mnius Rufus"
"EDR152930","[deli?]ciae<br>[---]si tangere possem<br>[---]entur aquas"
"EDR152962","Aptos<br>((:signum incertum))<br>MME"
"EDR153849","Ursi me comedant"
"EDR153853","Ursi me comedan[t]"
"EDR140053","&#12296;:ad perpendiculum&#12297;<br>R&#818;<br>P&#818;a&#818;r&#818;i&#818;s&#818;<br>a&#818;mas&#818;"
"EDR154500","Maior va(le)<br>Maior va(le)<br>OMCA VIII"
"EDR151868","&#12296;:columna I&#12297;<br>Aquaria dua cum basis<br>Aqua(ria?) in manus dua cum basis<br>Hamas duas cum basis<br>Aqua(rium?) in manu cotidianu I<br>cum basis<br>Urciolos (:urceolos) duos<br>Candelabra quatuor (:quattuor)<br>et lucubratoriu(m) unum<br>Lucerna(m) aenea(m)<br>Hamula(m) una(m)<br>Pelvi(s) cum basim<br>et lytrum (:luterem)<br>Gutos tres<br>Scapheola dua<br>Ferreas strig(i)les VII<br>Haenas quattor<br><br>&#12296;:columna II&#12297;<br>Marmor(em) cum basim<br>aenea<br>Fuminaria dua"
"EDR151890","[- - -]cio s(alutem?) morieris Tomi.<br>Feliciter "
"EDR151894","Artorius <br>[- - -]IIIII II III "
"EDR151896","Fa&#818;t&#818;u&#818;u&#818;s&#818;"
"EDR154434","Loginus IV Idu[s Iu]lias<br>Iu{a}lias accepit vim hila(re)<br>Sturnus am(ator?)"
"EDR153487","Venimus,<br>venimus<br>hoc cupidi,<br>multo magis ire cupimus."
"EDR156776","((:vir baculo nixus))"
"EDR156779","[A]ve Fausta s(alutem)"
